<?xml version="1.0"?>
<records>
    <point><lat>-25.10924935</lat><long>-53.82971684</long><name>1</name><start>false</start></point>
    <point><lat>-25.10867721</lat><long>-53.83085223</long><name>2</name><start>false</start></point>
    <point><lat>-25.1085914</lat><long>-53.8315607</long><name>3</name><start>false</start></point>
    <point><lat>-25.10813927</lat><long>-53.83132282</long><name>4</name><start>false</start></point>
    <point><lat>-25.10814558</lat><long>-53.8319806</long><name>5</name><start>false</start></point>
    <point><lat>-25.10757061</lat><long>-53.83255101</long><name>6</name><start>false</start></point>
    <point><lat>-25.10766315</lat><long>-53.8338434</long><name>7</name><start>false</start></point>
    <point><lat>-25.10787583</lat><long>-53.83319483</long><name>8</name><start>false</start></point>
    <point><lat>-25.10864935</lat><long>-53.83242421</long><name>9</name><start>false</start></point>
    <point><lat>-25.10904907</lat><long>-53.83197895</long><name>10</name><start>false</start></point>
    <point><lat>-25.10938406</lat><long>-53.83065723</long><name>11</name><start>false</start></point>
    <point><lat>-25.10961562</lat><long>-53.83003589</long><name>12</name><start>false</start></point>
    <point><lat>-25.10992088</lat><long>-53.82947208</long><name>13</name><start>true</start></point>
    <point><lat>-25.11031768</lat><long>-53.82974559</long><name>14</name><start>true</start></point>
    <point><lat>-25.10978531</lat><long>-53.83100239</long><name>15</name><start>false</start></point>
    <point><lat>-25.10959426</lat><long>-53.83165783</long><name>16</name><start>false</start></point>
    <point><lat>-25.10900902</lat><long>-53.83272282</long><name>17</name><start>false</start></point>
    <point><lat>-25.10849213</lat><long>-53.83311192</long><name>18</name><start>false</start></point>
    <point><lat>-25.10809724</lat><long>-53.83441264</long><name>19</name><start>false</start></point>
    <point><lat>-25.10871522</lat><long>-53.834508</long><name>20</name><start>false</start></point>
    <point><lat>-25.10875153</lat><long>-53.83400456</long><name>21</name><start>false</start></point>
    <point><lat>-25.10924744</lat><long>-53.83296314</long><name>22</name><start>false</start></point>
    <point><lat>-25.10964004</lat><long>-53.83246273</long><name>23</name><start>false</start></point>
    <point><lat>-25.11005234</lat><long>-53.83122746</long><name>24</name><start>false</start></point>
    <point><lat>-25.11025855</lat><long>-53.83059627</long><name>25</name><start>false</start></point>
    <point><lat>-25.11058661</lat><long>-53.83000118</long><name>26</name><start>true</start></point>
    <point><lat>-25.11080962</lat><long>-53.83025333</long><name>27</name><start>true</start></point>
    <point><lat>-25.11051933</lat><long>-53.83084911</long><name>28</name><start>false</start></point>
    <point><lat>-25.11016297</lat><long>-53.83208195</long><name>29</name><start>false</start></point>
    <point><lat>-25.10948395</lat><long>-53.83313481</long><name>30</name><start>false</start></point>
    <point><lat>-25.10909288</lat><long>-53.83360392</long><name>31</name><start>false</start></point>
    <point><lat>-25.10924165</lat><long>-53.83463007</long><name>32</name><start>false</start></point>
    <point><lat>-25.10979478</lat><long>-53.83483607</long><name>33</name><start>false</start></point>
    <point><lat>-25.11036324</lat><long>-53.83492771</long><name>34</name><start>false</start></point>
    <point><lat>-25.10999131</lat><long>-53.8341457</long><name>35</name><start>false</start></point>
    <point><lat>-25.10954279</lat><long>-53.83374275</long><name>36</name><start>false</start></point>
    <point><lat>-25.11012069</lat><long>-53.83289379</long><name>37</name><start>false</start></point>
    <point><lat>-25.11042786</lat><long>-53.83237076</long><name>38</name><start>false</start></point>
    <point><lat>-25.11063408</lat><long>-53.83162037</long><name>39</name><start>false</start></point>
    <point><lat>-25.11096618</lat><long>-53.83059245</long><name>40</name><start>true</start></point>
</records>