<?xml version="1.0"?>
<records>
    <point><lat>-25.407759</lat> <long>-54.006865</long><name>31</name><start>true</start></point>
    <point><lat>-25.407516</lat> <long>-54.007524</long><name>32</name><start>true</start></point>
    <point><lat>-25.407313</lat> <long>-54.007906</long><name>35</name><start>true</start></point>
    <point><lat>-25.407086</lat> <long>-54.008443</long><name>36</name><start>true</start></point>
    <point><lat>-25.406679</lat> <long>-54.008096</long><name>37</name><start>false</start></point>
    <point><lat>-25.406358</lat> <long>-54.007602</long><name>38</name><start>false</start></point>
    <point><lat>-25.406859</lat> <long>-54.007680</long><name>34</name><start>false</start></point>
    <point><lat>-25.407062</lat> <long>-54.007221</long><name>33</name><start>false</start></point>
    <point><lat>-25.407344</lat> <long>-54.006605</long><name>30</name><start>false</start></point>
    <point><lat>-25.406876</lat> <long>-54.006352</long><name>29</name><start>false</start></point>
    <point><lat>-25.406306</lat> <long>-54.006563</long><name>28</name><start>false</start></point>
    <point><lat>-25.406115</lat> <long>-54.006961</long><name>39</name><start>false</start></point>
    <point><lat>-25.405733</lat> <long>-54.006721</long><name>40</name><start>false</start></point>
    <point><lat>-25.405728</lat> <long>-54.007328</long><name>41</name><start>false</start></point>
    <point><lat>-25.405224</lat> <long>-54.006909</long><name>42</name><start>false</start></point>
    <point><lat>-25.404755</lat> <long>-54.006654</long><name>44</name><start>false</start></point>
    <point><lat>-25.405284</lat> <long>-54.006418</long><name>43</name><start>false</start></point>
    <point><lat>-25.404799</lat> <long>-54.006108</long><name>45</name><start>false</start></point>
    <point><lat>-25.404344</lat> <long>-54.005847</long><name>46</name><start>false</start></point>
    <point><lat>-25.403917</lat> <long>-54.005768</long><name>47</name><start>false</start></point>
    <point><lat>-25.403588</lat> <long>-54.005495</long><name>48</name><start>false</start></point>
    <point><lat>-25.403320</lat> <long>-54.005295</long><name>49</name><start>false</start></point>
    <point><lat>-25.403101</lat> <long>-54.005010</long><name>50</name><start>false</start></point>
    <point><lat>-25.402936</lat> <long>-54.004621</long><name>51</name><start>false</start></point>
    <point><lat>-25.403139</lat> <long>-54.004342</long><name>52</name><start>false</start></point>
    <point><lat>-25.402915</lat> <long>-54.004015</long><name>53</name><start>false</start></point>
    <point><lat>-25.402454</lat> <long>-54.004191</long><name>56</name><start>false</start></point>
    <point><lat>-25.402252</lat> <long>-54.004506</long><name>57</name><start>false</start></point>
    <point><lat>-25.401874</lat> <long>-54.004245</long><name>58</name><start>false</start></point>
    <point><lat>-25.401545</lat> <long>-54.003978</long><name>65</name><start>false</start></point>
    <point><lat>-25.401265</lat> <long>-54.003766</long><name>66</name><start>false</start></point>
    <point><lat>-25.400986</lat> <long>-54.003535</long><name>73</name><start>false</start></point>
    <point><lat>-25.401194</lat> <long>-54.003286</long><name>72</name><start>false</start></point>
    <point><lat>-25.401435</lat> <long>-54.003499</long><name>67</name><start>false</start></point>
    <point><lat>-25.401753</lat> <long>-54.003723</long><name>64</name><start>false</start></point>
    <point><lat>-25.402060</lat> <long>-54.003930</long><name>59</name><start>false</start></point>
    <point><lat>-25.402257</lat> <long>-54.003584</long><name>60</name><start>false</start></point>
    <point><lat>-25.401972</lat> <long>-54.003396</long><name>63</name><start>false</start></point>
    <point><lat>-25.401627</lat> <long>-54.003195</long><name>68</name><start>false</start></point>
    <point><lat>-25.401402</lat> <long>-54.002983</long><name>71</name><start>false</start></point>
    <point><lat>-25.401654</lat> <long>-54.002649</long><name>70</name><start>false</start></point>
    <point><lat>-25.401874</lat> <long>-54.002837</long><name>69</name><start>false</start></point>
    <point><lat>-25.402197</lat> <long>-54.003025</long><name>62</name><start>false</start></point>
    <point><lat>-25.402476</lat> <long>-54.003238</long><name>61</name><start>false</start></point>
    <point><lat>-25.402893</lat> <long>-54.003456</long><name>55</name><start>false</start></point>
    <point><lat>-25.403079</lat> <long>-54.003723</long><name>54</name><start>false</start></point>
    <point><lat>-25.403600</lat> <long>-54.003974</long><name>21</name><start>false</start></point>
    <point><lat>-25.403667</lat> <long>-54.004495</long><name>22</name><start>false</start></point>
    <point><lat>-25.404076</lat> <long>-54.005058</long><name>23</name><start>false</start></point>
    <point><lat>-25.404539</lat> <long>-54.005213</long><name>24</name><start>false</start></point>
    <point><lat>-25.404998</lat> <long>-54.005547</long><name>25</name><start>false</start></point>
    <point><lat>-25.405456</lat> <long>-54.005795</long><name>26</name><start>false</start></point>
    <point><lat>-25.405914</lat> <long>-54.006154</long><name>27</name><start>false</start></point>
    <point><lat>-25.406253</lat> <long>-54.005749</long><name>14</name><start>false</start></point>
    <point><lat>-25.405934</lat> <long>-54.005557</long><name>15</name><start>false</start></point>
    <point><lat>-25.405561</lat> <long>-54.005377</long><name>16</name><start>false</start></point>
    <point><lat>-25.405263</lat> <long>-54.005266</long><name>17</name><start>false</start></point>
    <point><lat>-25.404847</lat> <long>-54.005005</long><name>18</name><start>false</start></point>
    <point><lat>-25.404397</lat> <long>-54.004786</long><name>19</name><start>false</start></point>
    <point><lat>-25.404148</lat> <long>-54.004396</long><name>20</name><start>false</start></point>
    <point><lat>-25.404741</lat> <long>-54.004618</long><name>10</name><start>false</start></point>
    <point><lat>-25.405265</lat> <long>-54.004521</long><name>9</name><start>false</start></point>
    <point><lat>-25.405147</lat> <long>-54.004895</long><name>11</name><start>false</start></point>
    <point><lat>-25.405569</lat> <long>-54.004912</long><name>12</name><start>false</start></point>
    <point><lat>-25.405941</lat> <long>-54.005060</long><name>13</name><start>false</start></point>
    <point><lat>-25.406208</lat> <long>-54.004512</long><name>6</name><start>false</start></point>
    <point><lat>-25.405808</lat> <long>-54.004327</long><name>7</name><start>false</start></point>
    <point><lat>-25.405498</lat> <long>-54.004185</long><name>8</name><start>false</start></point>
    <point><lat>-25.405688</lat> <long>-54.003666</long><name>3</name><start>false</start></point>
    <point><lat>-25.406010</lat> <long>-54.003855</long><name>4</name><start>false</start></point>
    <point><lat>-25.406332</lat> <long>-54.004026</long><name>5</name><start>false</start></point>
    <point><lat>-25.406413</lat> <long>-54.003584</long><name>1</name><start>true</start></point>
    <point><lat>-25.405987</lat> <long>-54.003352</long><name>2</name><start>true</start></point>
</records>